{"cameraMode":{"drawMode":0,"name":"Shaded","section":"Shading Mode"},"sceneLighting":true,"audioPlay":false,"sceneViewState":{"showFog":true,"showMaterialUpdate":false,"showSkybox":true,"showFlares":true,"showImageEffects":true,"showParticleSystems":true},"in2DMode":false,"pivot":{"x":-10.69800853729248,"y":-22.91016387939453,"z":-2.348548173904419},"rotation":{"x":-0.3560240864753723,"y":0.6316949129104614,"z":-0.4025037884712219,"w":-0.5587514638900757},"size":28.52232551574707,"orthographic":false}