{"cameraMode":{"drawMode":0,"name":"Shaded","section":"Shading Mode"},"sceneLighting":true,"audioPlay":false,"sceneViewState":{"showFog":true,"showMaterialUpdate":false,"showSkybox":true,"showFlares":true,"showImageEffects":true,"showParticleSystems":true},"in2DMode":false,"pivot":{"x":-83.12094116210938,"y":146.5026092529297,"z":-20.15628433227539},"rotation":{"x":0.16345106065273286,"y":-0.6654472351074219,"z":0.15272200107574464,"w":0.7121598720550537},"size":50.69382095336914,"orthographic":false}